{
  "sample_rate": 22050,
  "bit_rate": 705600,
  "length_s": 1.5804081632653062,
  "ID": "STORM-PETREL",
  "label": "",
  "start": 492096,
  "end": 561792,
  "lower_freq": 326,
  "upper_freq": 6930,
  "max_amplitude": 0.4010314394695128,
  "min_amplitude": -0.3724217016261893,
  "source_wav": "/home/nilomr/projects/pykanto/pykanto/data/raw/STORM-PETREL/XC46092.wav",
  "annotation_file": "/home/nilomr/projects/pykanto/pykanto/data/raw/STORM-PETREL/XC46092.xml",
  "wav_file": "/home/nilomr/projects/pykanto/pykanto/data/segmented/storm-petrel/WAV/STORM-PETREL_XC46092_492096.wav",
  "onsets": [
    0.03655328798185941,
    0.06068027210884354,
    0.08480725623582766,
    0.10639455782312925,
    0.13052154195011337,
    0.1527437641723356,
    0.17750566893424036,
    0.2003628117913832,
    0.22321995464852606,
    0.2473469387755102,
    0.27147392290249434,
    0.29369614512471653,
    0.3178231292517007,
    0.34258503401360546,
    0.3654421768707483,
    0.3908390022675737,
    0.41496598639455784,
    0.43718820861678004,
    0.46258503401360546,
    0.4873469387755102,
    0.5127437641723356,
    0.5362358276643991,
    0.5609977324263039,
    0.5857596371882087,
    0.6098866213151928,
    0.6352834467120182,
    0.6613151927437642,
    0.6848072562358276,
    0.7114739229024943,
    0.7368707482993198,
    0.7616326530612245,
    0.7902040816326531,
    0.8136961451247166,
    0.8397278911564626,
    0.8657596371882086,
    0.8968707482993197,
    0.9190929705215419,
    0.952108843537415,
    0.9730612244897959,
    1.006077097505669,
    1.0276643990929706,
    1.061315192743764,
    1.084172335600907,
    1.115283446712018,
    1.1463945578231292,
    1.169251700680272,
    1.2016326530612245,
    1.2276643990929705,
    1.2619501133786848,
    1.2892517006802722,
    1.3209977324263038,
    1.3527437641723357
  ],
  "offsets": [
    0.04925170068027211,
    0.06893424036281179,
    0.09242630385487528,
    0.11845804988662131,
    0.13941043083900226,
    0.1654421768707483,
    0.18766439909297053,
    0.2092517006802721,
    0.23528344671201815,
    0.2594104308390023,
    0.2809977324263039,
    0.30575963718820864,
    0.3292517006802721,
    0.35210884353741495,
    0.378140589569161,
    0.4003628117913832,
    0.425124716553288,
    0.451156462585034,
    0.4765532879818594,
    0.5006802721088436,
    0.5235374149659864,
    0.5482993197278911,
    0.5743310657596372,
    0.5978231292517007,
    0.6251247165532879,
    0.6492517006802722,
    0.6727437641723356,
    0.7013151927437642,
    0.7248072562358276,
    0.7508390022675737,
    0.7762358276643991,
    0.8003628117913832,
    0.8295691609977325,
    0.8556009070294784,
    0.8803628117913832,
    0.9089342403628118,
    0.9336961451247165,
    0.9616326530612245,
    0.9889342403628117,
    1.016235827664399,
    1.0435374149659864,
    1.0733786848072562,
    1.0975056689342404,
    1.127981859410431,
    1.1559183673469389,
    1.1825850340136055,
    1.2130612244897958,
    1.242267573696145,
    1.2733786848072561,
    1.305124716553288,
    1.3368707482993196,
    1.5578231292517006
  ]
}