{
  "sample_rate": 22050,
  "bit_rate": 705600,
  "length_s": 1.633015873015873,
  "ID": "STORM-PETREL",
  "label": "",
  "start": 278432,
  "end": 350448,
  "lower_freq": 334,
  "upper_freq": 9191,
  "max_amplitude": 0.40090260950569223,
  "min_amplitude": -0.3237069101938545,
  "source_wav": "/home/nilomr/projects/pykanto/pykanto/data/raw/STORM-PETREL/XC46092.wav",
  "annotation_file": "/home/nilomr/projects/pykanto/pykanto/data/raw/STORM-PETREL/XC46092.xml",
  "wav_file": "/home/nilomr/projects/pykanto/pykanto/data/segmented/storm-petrel/WAV/STORM-PETREL_XC46092_278432.wav",
  "onsets": [
    0.029569160997732425,
    0.053061224489795916,
    0.07655328798185941,
    0.1000453514739229,
    0.1235374149659864,
    0.1457596371882086,
    0.16988662131519275,
    0.19147392290249432,
    0.2143310657596372,
    0.23909297052154194,
    0.2613151927437642,
    0.2835374149659864,
    0.30575963718820864,
    0.3292517006802721,
    0.3546485260770975,
    0.3749659863945578,
    0.4003628117913832,
    0.4232199546485261,
    0.4473469387755102,
    0.47147392290249435,
    0.4949659863945578,
    0.5197278911564626,
    0.5432199546485261,
    0.5686167800453514,
    0.5927437641723357,
    0.6175056689342404,
    0.6429024943310657,
    0.6670294784580499,
    0.691156462585034,
    0.71718820861678,
    0.7425850340136054,
    0.7692517006802722,
    0.7933786848072563,
    0.818140589569161,
    0.844172335600907,
    0.8702040816326531,
    0.8956009070294785,
    0.9222675736961451,
    0.9489342403628118,
    0.9756009070294784,
    1.002267573696145,
    1.0282993197278911,
    1.061315192743764,
    1.0829024943310657,
    1.110204081632653,
    1.1387755102040817,
    1.1698866213151928,
    1.1984580498866213,
    1.2213151927437642,
    1.2498866213151927,
    1.2816326530612245,
    1.3114739229024943,
    1.340045351473923,
    1.3673469387755102,
    1.399092970521542
  ],
  "offsets": [
    0.03972789115646259,
    0.06321995464852607,
    0.08607709750566893,
    0.10956916099773242,
    0.13433106575963719,
    0.15782312925170067,
    0.17941043083900227,
    0.20480725623582766,
    0.22829931972789116,
    0.24861678004535148,
    0.2708390022675737,
    0.2962358276643991,
    0.3203628117913832,
    0.34131519274376415,
    0.3635374149659864,
    0.3895691609977324,
    0.411156462585034,
    0.43464852607709753,
    0.4600453514739229,
    0.48417233560090706,
    0.5076643990929706,
    0.5336961451247165,
    0.5578231292517006,
    0.5806802721088435,
    0.6073469387755102,
    0.6321088435374149,
    0.6549659863945578,
    0.6803628117913832,
    0.7057596371882087,
    0.731156462585034,
    0.7584580498866214,
    0.7813151927437642,
    0.8079818594104309,
    0.8314739229024943,
    0.8556009070294784,
    0.8822675736961452,
    0.9114739229024943,
    0.9368707482993197,
    0.9648072562358276,
    0.9895691609977324,
    1.014965986394558,
    1.0435374149659864,
    1.0708390022675738,
    1.0975056689342404,
    1.1235374149659865,
    1.1533786848072562,
    1.1787755102040816,
    1.209251700680272,
    1.2365532879818595,
    1.265124716553288,
    1.2917913832199546,
    1.3235374149659864,
    1.3527437641723357,
    1.3825850340136054,
    1.6098866213151928
  ]
}