{
  "sample_rate": 22050,
  "bit_rate": 1411200,
  "length_s": 1.379591836734694,
  "ID": "STORM-PETREL",
  "label": "",
  "start": 481896,
  "end": 542736,
  "lower_freq": 193,
  "upper_freq": 8762,
  "max_amplitude": 0.5987530376177419,
  "min_amplitude": -0.40552147154357915,
  "source_wav": "/home/nilomr/projects/pykanto/pykanto/data/raw/STORM-PETREL/XC663885.wav",
  "annotation_file": "/home/nilomr/projects/pykanto/pykanto/data/raw/STORM-PETREL/XC663885.xml",
  "wav_file": "/home/nilomr/projects/pykanto/pykanto/data/segmented/storm-petrel/WAV/STORM-PETREL_XC663885_481896.wav",
  "onsets": [
    0.023219954648526078,
    0.046077097505668935,
    0.0708390022675737,
    0.09687074829931973,
    0.12480725623582767,
    0.15147392290249434,
    0.17941043083900227,
    0.20861678004535147,
    0.23464852607709752,
    0.2638548752834467,
    0.2917913832199546,
    0.3203628117913832,
    0.34956916099773244,
    0.37750566893424037,
    0.40480725623582764,
    0.43464852607709753,
    0.46131519274376415,
    0.4905215419501134,
    0.5165532879818594,
    0.5476643990929705,
    0.578140589569161,
    0.606077097505669,
    0.63718820861678,
    0.665124716553288,
    0.6962358276643991,
    0.7267120181405896,
    0.7584580498866214,
    0.7908390022675736,
    0.8219501133786848,
    0.8524263038548753,
    0.884172335600907,
    0.9171882086167801,
    0.9476643990929705,
    0.9800453514739229,
    1.0124263038548753,
    1.046077097505669,
    1.0797278911564625
  ],
  "offsets": [
    0.03464852607709751,
    0.05687074829931973,
    0.08671201814058957,
    0.1089342403628118,
    0.13877551020408163,
    0.1673469387755102,
    0.1946485260770975,
    0.22258503401360544,
    0.2505215419501134,
    0.27718820861678006,
    0.30575963718820864,
    0.33369614512471657,
    0.3635374149659864,
    0.3927437641723356,
    0.4206802721088435,
    0.44607709750566893,
    0.47718820861678,
    0.5038548752834467,
    0.5336961451247165,
    0.5622675736961451,
    0.590204081632653,
    0.6225850340136054,
    0.6492517006802722,
    0.6822675736961451,
    0.7114739229024943,
    0.7419501133786848,
    0.7749659863945578,
    0.8048072562358277,
    0.8359183673469388,
    0.8682993197278912,
    0.8987755102040816,
    0.9298866213151927,
    0.9622675736961451,
    0.9933786848072562,
    1.0295691609977324,
    1.0606802721088435,
    1.3565532879818594
  ]
}