{
  "sample_rate": 22050,
  "bit_rate": 1411200,
  "length_s": 1.4247619047619047,
  "ID": "STORM-PETREL",
  "label": "",
  "start": 91784,
  "end": 154616,
  "lower_freq": 180,
  "upper_freq": 10893,
  "max_amplitude": 0.5294641363678927,
  "min_amplitude": -0.41332761594429757,
  "source_wav": "/home/nilomr/projects/pykanto/pykanto/data/raw/STORM-PETREL/XC663885.wav",
  "annotation_file": "/home/nilomr/projects/pykanto/pykanto/data/raw/STORM-PETREL/XC663885.xml",
  "wav_file": "/home/nilomr/projects/pykanto/pykanto/data/segmented/storm-petrel/WAV/STORM-PETREL_XC663885_91784.wav",
  "onsets": [
    0.023219954648526078,
    0.04163265306122449,
    0.06512471655328798,
    0.09179138321995464,
    0.11972789115646258,
    0.14639455782312924,
    0.17369614512471657,
    0.2016326530612245,
    0.2289342403628118,
    0.2562358276643991,
    0.28480725623582764,
    0.31210884353741497,
    0.3400453514739229,
    0.36925170068027213,
    0.39782312925170066,
    0.42829931972789115,
    0.4556009070294785,
    0.48671201814058956,
    0.5146485260770975,
    0.5444897959183673,
    0.5743310657596372,
    0.6022675736961451,
    0.6333786848072562,
    0.6619501133786848,
    0.6905215419501134,
    0.7222675736961451,
    0.7533786848072562,
    0.7832199546485261,
    0.8143310657596372,
    0.8473469387755102,
    0.8752834467120182,
    0.9070294784580499,
    0.9394104308390022,
    0.971156462585034,
    1.0048072562358277,
    1.0365532879818593,
    1.0676643990929706,
    1.101315192743764,
    1.1343310657596373
  ],
  "offsets": [
    0.027029478458049885,
    0.04925170068027211,
    0.0746485260770975,
    0.10321995464852608,
    0.1286167800453515,
    0.1565532879818594,
    0.1838548752834467,
    0.21179138321995464,
    0.2397278911564626,
    0.2682993197278912,
    0.29369614512471653,
    0.3254421768707483,
    0.3527437641723356,
    0.38258503401360544,
    0.4117913832199546,
    0.4403628117913832,
    0.4708390022675737,
    0.4987755102040816,
    0.531156462585034,
    0.5578231292517006,
    0.5876643990929705,
    0.6187755102040816,
    0.6517913832199547,
    0.6765532879818594,
    0.7063945578231292,
    0.7375056689342404,
    0.7673469387755102,
    0.7990929705215419,
    0.8289342403628118,
    0.8587755102040816,
    0.8936961451247165,
    0.9222675736961451,
    0.9546485260770975,
    0.9870294784580499,
    1.020045351473923,
    1.0524263038548753,
    1.084172335600907,
    1.1178231292517007,
    1.3933786848072562
  ]
}