{
  "sample_rate": 22050,
  "bit_rate": 1411200,
  "length_s": 1.5346938775510204,
  "ID": "STORM-PETREL",
  "label": "",
  "start": 219072,
  "end": 286752,
  "lower_freq": 224,
  "upper_freq": 8965,
  "max_amplitude": 0.6091204377242608,
  "min_amplitude": -0.4053883110054164,
  "source_wav": "/home/nilomr/projects/pykanto/pykanto/data/raw/STORM-PETREL/XC663885.wav",
  "annotation_file": "/home/nilomr/projects/pykanto/pykanto/data/raw/STORM-PETREL/XC663885.xml",
  "wav_file": "/home/nilomr/projects/pykanto/pykanto/data/segmented/storm-petrel/WAV/STORM-PETREL_XC663885_219072.wav",
  "onsets": [
    0.02639455782312925,
    0.053061224489795916,
    0.07909297052154195,
    0.10575963718820862,
    0.13306122448979593,
    0.16036281179138323,
    0.18956916099773244,
    0.21623582766439908,
    0.2454421768707483,
    0.27401360544217684,
    0.30131519274376417,
    0.33052154195011335,
    0.3597278911564626,
    0.3895691609977324,
    0.418140589569161,
    0.44798185941043084,
    0.47845804988662133,
    0.5082993197278911,
    0.5375056689342403,
    0.5686167800453514,
    0.5984580498866213,
    0.6295691609977324,
    0.6606802721088435,
    0.6905215419501134,
    0.7222675736961451,
    0.7533786848072562,
    0.7832199546485261,
    0.8168707482993197,
    0.8486167800453515,
    0.8809977324263039,
    0.9152834467120181,
    0.9476643990929705,
    0.9806802721088436,
    1.0156009070294785,
    1.0492517006802722,
    1.0835374149659864,
    1.1184580498866212,
    1.1527437641723357,
    1.188299319727891,
    1.228299319727891
  ],
  "offsets": [
    0.04036281179138322,
    0.06575963718820861,
    0.09242630385487528,
    0.11782312925170069,
    0.1470294784580499,
    0.1635374149659864,
    0.20099773242630387,
    0.23147392290249433,
    0.2587755102040816,
    0.28671201814058955,
    0.3159183673469388,
    0.3438548752834467,
    0.37369614512471655,
    0.40226757369614513,
    0.43210884353741497,
    0.46131519274376415,
    0.49179138321995464,
    0.5209977324263039,
    0.552108843537415,
    0.5813151927437642,
    0.6136961451247166,
    0.6435374149659864,
    0.6752834467120181,
    0.7063945578231292,
    0.7368707482993198,
    0.7686167800453515,
    0.7997278911564626,
    0.8308390022675737,
    0.8638548752834467,
    0.8987755102040816,
    0.931156462585034,
    0.9648072562358276,
    0.9984580498866213,
    1.030204081632653,
    1.0663945578231293,
    1.101315192743764,
    1.1349659863945578,
    1.1698866213151928,
    1.2073469387755102,
    1.512108843537415
  ]
}