{
  "sample_rate": 22050,
  "bit_rate": 1411200,
  "length_s": 1.5303401360544218,
  "ID": "STORM-PETREL",
  "label": "",
  "start": 350592,
  "end": 418080,
  "lower_freq": 136,
  "upper_freq": 8761,
  "max_amplitude": 0.730572622742903,
  "min_amplitude": -0.3931519973981168,
  "source_wav": "/home/nilomr/projects/pykanto/pykanto/data/raw/STORM-PETREL/XC663885.wav",
  "annotation_file": "/home/nilomr/projects/pykanto/pykanto/data/raw/STORM-PETREL/XC663885.xml",
  "wav_file": "/home/nilomr/projects/pykanto/pykanto/data/segmented/storm-petrel/WAV/STORM-PETREL_XC663885_350592.wav",
  "onsets": [
    0.023219954648526078,
    0.04798185941043084,
    0.07337868480725623,
    0.10068027210884353,
    0.12798185941043083,
    0.15591836734693879,
    0.1838548752834467,
    0.21179138321995464,
    0.2397278911564626,
    0.2695691609977324,
    0.2987755102040816,
    0.3254421768707483,
    0.3565532879818594,
    0.3832199546485261,
    0.41369614512471653,
    0.4416326530612245,
    0.47210884353741495,
    0.5057596371882086,
    0.5349659863945578,
    0.5673469387755102,
    0.5959183673469388,
    0.6289342403628118,
    0.6594104308390023,
    0.691156462585034,
    0.7216326530612245,
    0.7546485260770975,
    0.7870294784580499,
    0.8213151927437642,
    0.8556009070294784,
    0.8886167800453515,
    0.9235374149659864,
    0.9806802721088436,
    1.014965986394558,
    1.0517913832199546,
    1.0854421768707483,
    1.1197278911564625,
    1.1546485260770976,
    1.1902040816326531
  ],
  "offsets": [
    0.037188208616780044,
    0.06068027210884354,
    0.07718820861678005,
    0.11337868480725624,
    0.14448979591836736,
    0.171156462585034,
    0.19972789115646258,
    0.22639455782312926,
    0.2562358276643991,
    0.28417233560090704,
    0.3108390022675737,
    0.3419501133786848,
    0.3679818594104308,
    0.39909297052154197,
    0.42575963718820864,
    0.4575056689342404,
    0.4879818594104308,
    0.5184580498866214,
    0.5495691609977325,
    0.5787755102040816,
    0.6136961451247166,
    0.6429024943310657,
    0.6746485260770975,
    0.7063945578231292,
    0.7394104308390023,
    0.7698866213151927,
    0.8048072562358277,
    0.8384580498866213,
    0.8721088435374149,
    0.9076643990929705,
    0.945124716553288,
    0.9959183673469387,
    1.0308390022675737,
    1.0670294784580499,
    1.1019501133786849,
    1.138140589569161,
    1.1724263038548752,
    1.5076643990929706
  ]
}