{
  "sample_rate": 22050,
  "bit_rate": 705600,
  "length_s": 1.7257142857142858,
  "ID": "STORM-PETREL",
  "label": "",
  "start": 202272,
  "end": 278376,
  "lower_freq": 187,
  "upper_freq": 8858,
  "max_amplitude": 0.4402449030231796,
  "min_amplitude": -0.38324898298259585,
  "source_wav": "/home/nilomr/projects/pykanto/pykanto/data/raw/STORM-PETREL/XC46092.wav",
  "annotation_file": "/home/nilomr/projects/pykanto/pykanto/data/raw/STORM-PETREL/XC46092.xml",
  "wav_file": "/home/nilomr/projects/pykanto/pykanto/data/segmented/storm-petrel/WAV/STORM-PETREL_XC46092_202272.wav",
  "onsets": [
    0.03464852607709751,
    0.05877551020408163,
    0.08163265306122448,
    0.10639455782312925,
    0.1292517006802721,
    0.15083900226757369,
    0.17369614512471657,
    0.19718820861678005,
    0.21941043083900227,
    0.24290249433106575,
    0.2682993197278912,
    0.2898866213151927,
    0.3140136054421769,
    0.33687074829931973,
    0.36036281179138324,
    0.3838548752834467,
    0.40798185941043086,
    0.43210884353741497,
    0.4556009070294785,
    0.48036281179138324,
    0.5025850340136054,
    0.5279818594104309,
    0.5527437641723356,
    0.5775056689342404,
    0.6009977324263038,
    0.6270294784580499,
    0.651156462585034,
    0.6759183673469388,
    0.7013151927437642,
    0.726077097505669,
    0.7514739229024944,
    0.7768707482993197,
    0.8029024943310658,
    0.8282993197278912,
    0.8549659863945578,
    0.8809977324263039,
    0.9063945578231293,
    0.9330612244897959,
    0.959092970521542,
    0.9857596371882086,
    1.011156462585034,
    1.03718820861678,
    1.0638548752834467,
    1.0917913832199546,
    1.119092970521542,
    1.14702947845805,
    1.1768707482993197,
    1.2016326530612245,
    1.2295691609977324,
    1.2587755102040816,
    1.28734693877551,
    1.319092970521542,
    1.3482993197278912,
    1.3775056689342404,
    1.4054421768707483,
    1.4365532879818594,
    1.46702947845805,
    1.5013151927437642
  ],
  "offsets": [
    0.0454421768707483,
    0.06893424036281179,
    0.09369614512471655,
    0.11591836734693878,
    0.13941043083900226,
    0.1622675736961451,
    0.18575963718820862,
    0.20861678004535147,
    0.2327437641723356,
    0.2562358276643991,
    0.27718820861678006,
    0.30448979591836733,
    0.3248072562358277,
    0.3489342403628118,
    0.37369614512471655,
    0.39718820861678006,
    0.4200453514739229,
    0.4448072562358277,
    0.4689342403628118,
    0.4924263038548753,
    0.5159183673469387,
    0.5406802721088435,
    0.5648072562358276,
    0.5914739229024943,
    0.6162358276643991,
    0.6403628117913832,
    0.6657596371882086,
    0.6892517006802721,
    0.7159183673469388,
    0.7387755102040816,
    0.7673469387755102,
    0.792108843537415,
    0.8156009070294784,
    0.8422675736961451,
    0.8689342403628117,
    0.8975056689342403,
    0.9209977324263039,
    0.9476643990929705,
    0.9743310657596372,
    1.0003628117913832,
    1.0270294784580498,
    1.0530612244897959,
    1.07718820861678,
    1.1076643990929704,
    1.1349659863945578,
    1.1603628117913831,
    1.188299319727891,
    1.2187755102040816,
    1.2448072562358277,
    1.272108843537415,
    1.3032199546485261,
    1.3317913832199546,
    1.3622675736961452,
    1.392108843537415,
    1.4206802721088436,
    1.4536961451247166,
    1.4867120181405895,
    1.7025850340136055
  ]
}