{
  "sample_rate": 22050,
  "bit_rate": 1411200,
  "length_s": 1.4875283446712018,
  "ID": "STORM-PETREL",
  "label": "",
  "start": 26280,
  "end": 91880,
  "lower_freq": -379,
  "upper_freq": 9435,
  "max_amplitude": 0.5718042425996266,
  "min_amplitude": -0.39360952531164733,
  "source_wav": "/home/nilomr/projects/pykanto/pykanto/data/raw/STORM-PETREL/XC663885.wav",
  "annotation_file": "/home/nilomr/projects/pykanto/pykanto/data/raw/STORM-PETREL/XC663885.xml",
  "wav_file": "/home/nilomr/projects/pykanto/pykanto/data/segmented/storm-petrel/WAV/STORM-PETREL_XC663885_26280.wav",
  "onsets": [
    0.02385487528344671,
    0.049886621315192746,
    0.07591836734693877,
    0.1089342403628118,
    0.1273469387755102,
    0.1546485260770975,
    0.18321995464852608,
    0.211156462585034,
    0.23782312925170068,
    0.2657596371882086,
    0.29369614512471653,
    0.3203628117913832,
    0.34829931972789113,
    0.3768707482993197,
    0.40480725623582764,
    0.4333786848072562,
    0.46258503401360546,
    0.49115646258503404,
    0.5216326530612245,
    0.5489342403628118,
    0.5794104308390022,
    0.6073469387755102,
    0.6378231292517007,
    0.6682993197278911,
    0.6994104308390022,
    0.731156462585034,
    0.7622675736961452,
    0.7914739229024943,
    0.8238548752834467,
    0.8556009070294784,
    0.886077097505669,
    0.9159183673469388,
    0.9476643990929705,
    0.9787755102040816,
    1.0098866213151927,
    1.0416326530612245,
    1.0727437641723356,
    1.1063945578231293,
    1.138140589569161,
    1.1705215419501134,
    1.2048072562358276
  ],
  "offsets": [
    0.03845804988662131,
    0.05941043083900227,
    0.08734693877551021,
    0.1127437641723356,
    0.14068027210884354,
    0.16480725623582768,
    0.1927437641723356,
    0.22068027210884353,
    0.24861678004535148,
    0.27782312925170066,
    0.30448979591836733,
    0.33433106575963717,
    0.36099773242630384,
    0.3902040816326531,
    0.41877551020408166,
    0.4473469387755102,
    0.47591836734693876,
    0.5057596371882086,
    0.5336961451247165,
    0.5641723356009071,
    0.5927437641723357,
    0.6232199546485261,
    0.6524263038548753,
    0.6835374149659864,
    0.7114739229024943,
    0.7438548752834467,
    0.7749659863945578,
    0.8073469387755102,
    0.8378231292517007,
    0.8682993197278912,
    0.8994104308390023,
    0.931156462585034,
    0.9629024943310658,
    0.9946485260770975,
    1.0270294784580498,
    1.0543310657596372,
    1.0892517006802722,
    1.1209977324263039,
    1.1546485260770976,
    1.18702947845805,
    1.4644897959183674
  ]
}