{
  "sample_rate": 22050,
  "bit_rate": 705600,
  "length_s": 1.6126984126984127,
  "ID": "STORM-PETREL",
  "label": "",
  "start": 350224,
  "end": 421344,
  "lower_freq": 342,
  "upper_freq": 9419,
  "max_amplitude": 0.3584259635021866,
  "min_amplitude": -0.4272634508876494,
  "source_wav": "/home/nilomr/projects/pykanto/pykanto/data/raw/STORM-PETREL/XC46092.wav",
  "annotation_file": "/home/nilomr/projects/pykanto/pykanto/data/raw/STORM-PETREL/XC46092.xml",
  "wav_file": "/home/nilomr/projects/pykanto/pykanto/data/segmented/storm-petrel/WAV/STORM-PETREL_XC46092_350224.wav",
  "onsets": [
    0.035918367346938776,
    0.060045351473922905,
    0.08163265306122448,
    0.10639455782312925,
    0.1286167800453515,
    0.15083900226757369,
    0.1762358276643991,
    0.19718820861678005,
    0.22131519274376418,
    0.24607709750566895,
    0.2676643990929705,
    0.291156462585034,
    0.3140136054421769,
    0.33941043083900224,
    0.36290249433106575,
    0.3876643990929705,
    0.411156462585034,
    0.4359183673469388,
    0.4594104308390023,
    0.48417233560090706,
    0.5076643990929706,
    0.5336961451247165,
    0.5565532879818594,
    0.5813151927437642,
    0.6067120181405896,
    0.6308390022675737,
    0.6556009070294785,
    0.6803628117913832,
    0.7057596371882087,
    0.731156462585034,
    0.7565532879818594,
    0.7832199546485261,
    0.8079818594104309,
    0.8333786848072562,
    0.8600453514739229,
    0.886077097505669,
    0.912108843537415,
    0.9387755102040817,
    0.9654421768707483,
    0.992108843537415,
    1.0187755102040816,
    1.0454421768707483,
    1.0727437641723356,
    1.1006802721088436,
    1.127981859410431,
    1.1559183673469389,
    1.1895691609977324,
    1.2168707482993197,
    1.246077097505669,
    1.2727437641723356,
    1.3013151927437643,
    1.333061224489796,
    1.3578231292517007,
    1.3908390022675736
  ],
  "offsets": [
    0.0473469387755102,
    0.0670294784580499,
    0.09496598639455782,
    0.11528344671201814,
    0.1400453514739229,
    0.16417233560090702,
    0.185124716553288,
    0.20861678004535147,
    0.23337868480725624,
    0.2549659863945578,
    0.2809977324263039,
    0.305124716553288,
    0.32798185941043084,
    0.3508390022675737,
    0.37750566893424037,
    0.4009977324263039,
    0.42448979591836733,
    0.4473469387755102,
    0.47401360544217686,
    0.4962358276643991,
    0.5203628117913832,
    0.5444897959183673,
    0.5705215419501134,
    0.5946485260770975,
    0.6194104308390023,
    0.6454421768707483,
    0.6708390022675736,
    0.6949659863945579,
    0.7209977324263038,
    0.7463945578231292,
    0.7724263038548753,
    0.7971882086167801,
    0.8219501133786848,
    0.8467120181405896,
    0.8727437641723356,
    0.9006802721088435,
    0.9273469387755102,
    0.9546485260770975,
    0.978140589569161,
    1.0079818594104308,
    1.034013605442177,
    1.0606802721088435,
    1.0898866213151928,
    1.1159183673469388,
    1.143219954648526,
    1.1717913832199547,
    1.1978231292517008,
    1.228299319727891,
    1.254965986394558,
    1.2848072562358277,
    1.3133786848072562,
    1.345124716553288,
    1.3762358276643991,
    1.5863945578231293
  ]
}