{
  "sample_rate": 22050,
  "bit_rate": 705600,
  "length_s": 1.6707482993197278,
  "ID": "STORM-PETREL",
  "label": "",
  "start": 128832,
  "end": 202512,
  "lower_freq": 223,
  "upper_freq": 8230,
  "max_amplitude": 0.44567036044769676,
  "min_amplitude": -0.3036589904465616,
  "source_wav": "/home/nilomr/projects/pykanto/pykanto/data/raw/STORM-PETREL/XC46092.wav",
  "annotation_file": "/home/nilomr/projects/pykanto/pykanto/data/raw/STORM-PETREL/XC46092.xml",
  "wav_file": "/home/nilomr/projects/pykanto/pykanto/data/segmented/storm-petrel/WAV/STORM-PETREL_XC46092_128832.wav",
  "onsets": [
    0.03147392290249433,
    0.05560090702947846,
    0.07909297052154195,
    0.10321995464852608,
    0.1254421768707483,
    0.14766439909297052,
    0.171156462585034,
    0.1946485260770975,
    0.21623582766439908,
    0.2384580498866213,
    0.2613151927437642,
    0.28607709750566895,
    0.3076643990929705,
    0.33242630385487526,
    0.3546485260770975,
    0.378140589569161,
    0.40226757369614513,
    0.42575963718820864,
    0.4486167800453515,
    0.47337868480725626,
    0.498140589569161,
    0.5216326530612245,
    0.5457596371882086,
    0.5698866213151927,
    0.5952834467120182,
    0.6187755102040816,
    0.644172335600907,
    0.6682993197278911,
    0.6943310657596372,
    0.7203628117913832,
    0.7444897959183674,
    0.7705215419501134,
    0.7965532879818594,
    0.8213151927437642,
    0.8492517006802721,
    0.8733786848072562,
    0.8994104308390023,
    0.9254421768707483,
    0.952108843537415,
    0.9813151927437642,
    1.0048072562358277,
    1.0384580498866214,
    1.065124716553288,
    1.0854421768707483,
    1.1133786848072562,
    1.1400453514739228,
    1.1679818594104308,
    1.1959183673469387,
    1.2238548752834466,
    1.2543310657596372,
    1.2809977324263038,
    1.3121088435374149,
    1.3457596371882086,
    1.3698866213151928,
    1.4035374149659865,
    1.4340136054421768
  ],
  "offsets": [
    0.04290249433106576,
    0.06448979591836734,
    0.0892517006802721,
    0.1127437641723356,
    0.1349659863945578,
    0.15972789115646258,
    0.18131519274376418,
    0.20417233560090703,
    0.22829931972789116,
    0.2530612244897959,
    0.27528344671201815,
    0.29560090702947844,
    0.3216326530612245,
    0.34321995464852606,
    0.36671201814058957,
    0.3902040816326531,
    0.4143310657596372,
    0.4384580498866213,
    0.4638548752834467,
    0.48671201814058956,
    0.5108390022675737,
    0.5336961451247165,
    0.5578231292517006,
    0.5838548752834467,
    0.6079818594104308,
    0.6321088435374149,
    0.6575056689342403,
    0.6835374149659864,
    0.7063945578231292,
    0.7343310657596371,
    0.7616326530612245,
    0.7844897959183673,
    0.8105215419501134,
    0.83718820861678,
    0.8606802721088436,
    0.8898866213151927,
    0.9133786848072563,
    0.9400453514739229,
    0.9673469387755103,
    0.9952834467120182,
    1.0194104308390022,
    1.046077097505669,
    1.0765532879818593,
    1.1000453514739228,
    1.1286167800453515,
    1.1533786848072562,
    1.1806802721088436,
    1.2086167800453516,
    1.2384580498866213,
    1.2670294784580498,
    1.296235827664399,
    1.3254421768707483,
    1.354013605442177,
    1.3863945578231291,
    1.4175056689342405,
    1.6479818594104307
  ]
}