{
  "sample_rate": 22050,
  "bit_rate": 705600,
  "length_s": 1.708843537414966,
  "ID": "STORM-PETREL",
  "label": "",
  "start": 53600,
  "end": 128960,
  "lower_freq": 231,
  "upper_freq": 7835,
  "max_amplitude": 0.34222288043270277,
  "min_amplitude": -0.29500573759010873,
  "source_wav": "/home/nilomr/projects/pykanto/pykanto/data/raw/STORM-PETREL/XC46092.wav",
  "annotation_file": "/home/nilomr/projects/pykanto/pykanto/data/raw/STORM-PETREL/XC46092.xml",
  "wav_file": "/home/nilomr/projects/pykanto/pykanto/data/segmented/storm-petrel/WAV/STORM-PETREL_XC46092_53600.wav",
  "onsets": [
    0.037188208616780044,
    0.060045351473922905,
    0.08353741496598639,
    0.10702947845804989,
    0.1286167800453515,
    0.15401360544217688,
    0.17496598639455782,
    0.19972789115646258,
    0.22068027210884353,
    0.24417233560090704,
    0.26639455782312926,
    0.29052154195011337,
    0.3133786848072562,
    0.3375056689342404,
    0.36099773242630384,
    0.38448979591836735,
    0.40861678004535146,
    0.4314739229024943,
    0.4575056689342404,
    0.4797278911564626,
    0.5038548752834467,
    0.5279818594104309,
    0.5527437641723356,
    0.5775056689342404,
    0.6022675736961451,
    0.6270294784580499,
    0.651156462585034,
    0.6759183673469388,
    0.7006802721088435,
    0.7254421768707483,
    0.7514739229024944,
    0.7756009070294785,
    0.8016326530612244,
    0.8282993197278912,
    0.8530612244897959,
    0.8803628117913832,
    0.9057596371882086,
    0.931156462585034,
    0.959092970521542,
    0.9844897959183674,
    1.011156462585034,
    1.0384580498866214,
    1.065124716553288,
    1.0917913832199546,
    1.1197278911564625,
    1.1495691609977323,
    1.1762358276643992,
    1.2035374149659863,
    1.232108843537415,
    1.265124716553288,
    1.2949659863945577,
    1.3203628117913833,
    1.352108843537415,
    1.3794104308390023,
    1.4067120181405897,
    1.439092970521542,
    1.4689342403628118
  ],
  "offsets": [
    0.04480725623582767,
    0.07020408163265306,
    0.09369614512471655,
    0.11718820861678005,
    0.14131519274376417,
    0.1635374149659864,
    0.18956916099773244,
    0.2092517006802721,
    0.23401360544217686,
    0.2562358276643991,
    0.2816326530612245,
    0.3025850340136054,
    0.32607709750566893,
    0.35147392290249435,
    0.3749659863945578,
    0.39909297052154197,
    0.4232199546485261,
    0.4467120181405896,
    0.4682993197278912,
    0.4949659863945578,
    0.5133786848072562,
    0.5419501133786848,
    0.5660770975056689,
    0.590204081632653,
    0.6162358276643991,
    0.6409977324263039,
    0.6663945578231293,
    0.691156462585034,
    0.7127437641723356,
    0.7413151927437641,
    0.7635374149659864,
    0.7895691609977324,
    0.8168707482993197,
    0.8435374149659864,
    0.8689342403628117,
    0.893061224489796,
    0.9209977324263039,
    0.9476643990929705,
    0.9736961451247166,
    0.9997278911564625,
    1.0276643990929706,
    1.0536961451247167,
    1.0803628117913833,
    1.1076643990929704,
    1.1349659863945578,
    1.1635374149659865,
    1.1908390022675737,
    1.2194104308390024,
    1.2467120181405895,
    1.2752834467120182,
    1.305124716553288,
    1.3336961451247165,
    1.3635374149659865,
    1.392108843537415,
    1.4238548752834468,
    1.4536961451247166,
    1.686077097505669
  ]
}